Model,FID,IS_Mean,IS_Std,Generation_Time_Minutes
DDPM,94.72553253173828,4.133980751037598,0.34256914258003235,1.7034601092338562
