Model,FID,IS_Mean,IS_Std,Generation_Time_Minutes
DDPM,75.16203308105469,4.366728782653809,0.45685189962387085,4.608726390202841
