{
  "train_losses": [
    110.53661994251144
  ],
  "val_losses": [
    91.16562579695587
  ]
}