Model,FID,IS_Mean,IS_Std
VAE,243.0072784423828,2.3041770458221436,0.15935194492340088
