{
  "train_losses": [
    109.88698248119306,
    83.05344622092478,
    79.53339833798616,
    78.23785691127144,
    77.4021181657796,
    76.86262209763002,
    76.42942878352407,
    76.19804264273485,
    75.77920822963081,
    75.51570945993409,
    75.39953334252243,
    75.21941317194867,
    75.04267657931199,
    74.88372107113109,
    74.81562388583522,
    74.70517940472459,
    74.64609600759833,
    74.5168132050263,
    74.46679410422244,
    74.42947149642593,
    74.29925850285288,
    74.27683998556698,
    74.16254846519216,
    74.10212786545229,
    74.11118441530506,
    74.04038346819866,
    73.95865515979659,
    73.92617162719102,
    73.87069703124064,
    73.87842583717287,
    73.85161798384489,
    73.80173288525828,
    73.74653423533721,
    73.68103915163319,
    73.7307059441686,
    73.70563892452309,
    73.67510426318859,
    73.64793505266195,
    73.62832100129188,
    73.58084155714421,
    73.5997047034066,
    73.51203782845032,
    73.53679446247227,
    73.47623809463228,
    73.47724478446004,
    73.47264627910332,
    73.42440426136221,
    73.40708519430721,
    73.40537806362143,
    73.39740687806894,
    73.34811918448914,
    73.36607445719297,
    73.31586070438784,
    73.34716257353878,
    73.27460588030803,
    73.30116636368929,
    73.2482195022466,
    73.19968544064885,
    73.22836259807772,
    73.20959827784077,
    73.25806717738472,
    73.18338292699946,
    73.16155582437734,
    73.19614699185657,
    73.22673130279307,
    73.17497841720386,
    73.16724969907794,
    73.13864299647338,
    73.19733696276575,
    73.17318598266758,
    73.11107288175226,
    73.10792002470598,
    73.06709624190465,
    73.05620747636956,
    73.12649488327143,
    73.09765699147569,
    73.04324751071003,
    73.05081622618849,
    73.06294302196454,
    73.0367105001074,
    73.06055294339309,
    72.9871426457944,
    73.04770399908276,
    73.01271881532791,
    73.04604849851954,
    72.98208460112667,
    72.992766529093,
    72.98120407924019,
    73.03222993816561,
    72.97810424258337,
    72.93665924462516,
    72.96816818549505,
    72.95464032751215,
    72.8927042636725,
    72.95977670030521,
    72.92982958527782,
    72.9503435978804,
    72.90575151858123,
    72.92532961325877,
    72.89044104573672
  ],
  "recon_losses": [
    95.92726385501949,
    64.61240606478718,
    59.88901804658153,
    57.91662282041272,
    56.56394520440065,
    55.70946653907561,
    55.092505628190686,
    54.64677493102715,
    54.029456989844434,
    53.643358206200176,
    53.46889645608185,
    53.25814588112599,
    52.96064259268134,
    52.773309195438,
    52.69770273954972,
    52.51676391152775,
    52.38357052229859,
    52.269697950319255,
    52.189463749566045,
    52.103636012357825,
    51.95854068473172,
    51.87081978449126,
    51.82859528095216,
    51.68163446392245,
    51.69551456187997,
    51.54006935568417,
    51.468624778415844,
    51.433067321777344,
    51.33481037891124,
    51.32262455289016,
    51.27471827241161,
    51.17987695679335,
    51.129906656796976,
    51.07689266253615,
    51.056070449712024,
    51.07131603367798,
    50.965886986773945,
    50.966470825702636,
    50.866377140250044,
    50.91812231839465,
    50.84388687543552,
    50.782936910839034,
    50.82511919416735,
    50.68447192062807,
    50.710307928607286,
    50.69748983846601,
    50.65385852628352,
    50.600037640622816,
    50.63191100703481,
    50.63381255557165,
    50.58319991323954,
    50.51247954307615,
    50.49497187777858,
    50.53803175123756,
    50.47072700832201,
    50.49828700092443,
    50.416076460152944,
    50.39173118903509,
    50.38905046175203,
    50.34756000938318,
    50.35406209257862,
    50.30005492578687,
    50.286211486972505,
    50.28511068339238,
    50.373142213162865,
    50.28973289645846,
    50.254920330193954,
    50.217741836977126,
    50.28781302566723,
    50.254383735949425,
    50.19111367930537,
    50.219056956298516,
    50.18598208707922,
    50.17053397781099,
    50.19013941928249,
    50.17214099952327,
    50.1685161395451,
    50.10401866259173,
    50.1458400862906,
    50.107445216849634,
    50.113543829954494,
    50.05412437848728,
    50.08850598640149,
    50.088746209888505,
    50.09136976549387,
    50.001488702681364,
    50.03575380622883,
    50.041728085569105,
    50.07141062548703,
    50.03939796896542,
    50.02196818300525,
    50.04216249275695,
    50.04929648884727,
    49.96594329990084,
    50.026625986904136,
    49.9897993141428,
    50.03757145093835,
    49.99064479154699,
    49.962899976374246,
    49.947275615409204
  ],
  "kl_losses": [
    13.959718655002282,
    18.441040134186025,
    19.644380371893764,
    20.32123406890713,
    20.838172927232044,
    21.15315563416542,
    21.336923321189783,
    21.551267679999857,
    21.749751151980036,
    21.872351273246434,
    21.93063697912504,
    21.961267159113188,
    22.08203378662734,
    22.11041182691179,
    22.117920987746295,
    22.188415446854613,
    22.26252558042326,
    22.247115220560136,
    22.277330237581296,
    22.325835545044725,
    22.34071787178059,
    22.40602019131946,
    22.333953106189934,
    22.420493428359556,
    22.41566993635329,
    22.500314119831682,
    22.49003036674636,
    22.493104154191663,
    22.535886584035577,
    22.555801418431276,
    22.576899767531764,
    22.62185596748996,
    22.616627441952602,
    22.604146645197172,
    22.67463553592067,
    22.63432294694359,
    22.709217252023993,
    22.681464307448444,
    22.761943843968385,
    22.66271928021365,
    22.755817823092954,
    22.729100776145525,
    22.711675375623777,
    22.791766252054277,
    22.766936855852755,
    22.775156443076366,
    22.770545505806613,
    22.807047578075046,
    22.773467034635033,
    22.76359434444886,
    22.764919173687012,
    22.853594753138548,
    22.820888824170204,
    22.80913080766683,
    22.803878786618753,
    22.8028792847148,
    22.832142978677968,
    22.807954268687215,
    22.839312107056912,
    22.86203835870299,
    22.904005021390404,
    22.88332799877352,
    22.875344381308008,
    22.911036374318936,
    22.85358912865524,
    22.885245442695325,
    22.91232941766529,
    22.92090117656971,
    22.90952383465779,
    22.91880220037592,
    22.91995909024992,
    22.888863078163713,
    22.88111417433795,
    22.885673408313174,
    22.936355505453047,
    22.925516060246228,
    22.874731356530543,
    22.94679748554669,
    22.91710279664725,
    22.92926530520934,
    22.94700920124493,
    22.933018240477423,
    22.959197988290615,
    22.923972612756597,
    22.954678647658405,
    22.980595874054657,
    22.957012605789068,
    22.939476020500788,
    22.960819210237858,
    22.938706290691407,
    22.914691020155807,
    22.92600582688666,
    22.905343826469558,
    22.926760897916907,
    22.933150913404383,
    22.940030312599124,
    22.91277206889199,
    22.915106844109342,
    22.962429653957983,
    22.943165559597944
  ],