Model,FID,IS_Mean,IS_Std
VAE,206.18955993652344,2.8448848724365234,0.3615436255931854
