{
  "train_losses": [
    1916.8006384183684,
    1850.4908188139386,
    1837.02568362497,
    1831.4524497107777,
    1827.8955725940598,
    1825.584687450048,
    1824.0765699303668,
    1823.0636517068615,
    1822.0840316733436,
    1820.9590243366367,
    1820.6580509273597,
    1820.0750566955724,
    1819.5264112077405,
    1819.1420643994265,
    1818.7916539184882,
    1818.6812655163542,
    1818.450310358306,
    1818.0545694882912,
    1817.6296837848165,
    1817.468377857257,
    1817.2089122567336,
    1816.9927630412303,
    1816.8460996193653,
    1816.8506997345048,
    1816.6431656859415,
    1816.425014173893,
    1816.405959341532,
    1816.1530385517403,
    1816.2033525940099,
    1815.903739129186,
    1815.8641259078784,
    1815.8798071039303,
    1815.7095730286426,
    1815.4774116847825,
    1815.6452524326646,
    1815.2926538960098,
    1815.5659891504156,
    1815.35684680207,
    1815.149062524976,
    1815.1158426972606,
    1815.122973039632,
    1815.1896259278592,
    1814.8732252974644,
    1814.8717927664443,
    1814.8950654246923,
    1814.8324875307205,
    1814.8108067817395,
    1814.8064977933684,
    1814.7059780423294,
    1814.697237526974,
    1814.815021797824,
    1814.7197758901455,
    1814.5348044002758,
    1814.541031859415,
    1814.4727099484494,
    1814.4511517380815,
    1814.3143582161126,
    1814.3641964651436,
    1814.4744389136429,
    1814.2221815494624,
    1814.390121577036,
    1814.292305636589,
    1814.0138911957022,
    1814.1830726877197,
    1814.009714736353,
    1814.0620624512967,
    1814.1241870304507,
    1814.0847779881315,
    1814.1729573983976,
    1814.1771338577466,
    1814.0533469119646,
    1814.0949616493167,
    1814.0111158912443,
    1813.8834205100604,
    1814.0182938441596,
    1813.8573794157608,
    1813.9443822992428,
    1813.734925253007,
    1813.5706289149916,
    1813.7925866168478,
    1813.6822097661245,
    1813.7868276142403,
    1813.7720405598125,
    1813.6719897336056,
    1813.703674004206,
    1813.72478295836,
    1813.7209302507092,
    1813.800107365679,
    1813.6613988071451,
    1813.685266831342,
    1813.6337800086917,
    1813.7106469976322,
    1813.5245124055907,
    1813.5961378639006,
    1813.6045135732197,
    1813.525535017633,
    1813.5771219004755,
    1813.6046631171575,
    1813.5697636518942,
    1813.5072867547156
  ],
  "recon_losses": [
    1891.026216238661,
    1816.8606828070053,
    1801.038821793578,
    1793.8447662119365,
    1788.820023870834,
    1785.496902036545,
    1783.2898615766364,
    1781.7216100668359,
    1780.3003360523896,
    1778.8209225393623,
    1778.1958220108695,
    1777.3205886411545,
    1776.5506786922056,
    1775.9344950722307,
    1775.5230122832081,
    1775.2853465360754,
    1774.9229005779453,
    1774.4383693217012,
    1773.8824910898038,
    1773.7599406132613,
    1773.3275930107097,
    1772.9565047242147,
    1772.80275591682,
    1772.7567658485355,
    1772.462685353311,
    1772.2763539189878,
    1772.103535137518,
    1771.8582428056566,
    1771.8125930356857,
    1771.5496904221948,
    1771.4656795101703,
    1771.4300515255354,
    1771.2657206893882,
    1771.0424690734394,
    1771.1213500664362,
    1770.7227953352283,
    1771.0204463090433,
    1770.8198473215714,
    1770.62494583325,
    1770.5826515919716,
    1770.5339566203945,
    1770.5571106425332,
    1770.1976747634772,
    1770.2213827850264,
    1770.2885664137427,
    1770.1447986495464,
    1770.1373291015625,
    1770.1499680619106,
    1770.0525962263728,
    1770.0269071378975,
    1770.117161275176,
    1770.0837989280292,
    1769.8614747030351,
    1769.8490096382473,
    1769.8661495901436,
    1769.7821035555867,
    1769.6463234357516,
    1769.6773402221368,
    1769.787252674932,
    1769.5195590358255,
    1769.6572499775216,
    1769.5866577460638,
    1769.3733186453505,
    1769.5036070060241,
    1769.266281557205,
    1769.3881940524595,
    1769.3987139533547,
    1769.4541184213156,
    1769.4624113975583,
    1769.446292184503,
    1769.3545939647938,
    1769.3985458334998,
    1769.3230603308325,
    1769.2058509768124,
    1769.278584902244,
    1769.0739624335638,
    1769.21076376054,
    1769.0546987392104,
    1768.90075964574,
    1769.0726156015226,
    1768.9616589948648,
    1769.079713475064,
    1769.0124836407049,
    1768.9812147525874,
    1768.98376730214,
    1769.0151468652593,
    1769.0069383391944,
    1769.117847179208,
    1768.8644800991049,
    1768.9872995361952,
    1768.8588807869446,
    1768.9452589576506,
    1768.8477514710878,
    1768.841180591632,
    1768.8634563943615,
    1768.77725695832,
    1768.8405863183843,
    1768.9083640642484,
    1768.8817301016024,
    1768.8192286967012
  ],
  "kl_losses": [
    25.774422670276287,
    33.63013355323421,
    35.98685968745395,
    37.607681679298814,
    39.075550425692896,
    40.08778478422433,
    40.78670849031804,
    41.34203906925133,
    41.78369706975835,
    42.138102768022385,
    42.46222948235319,
    42.754468639793295,
    42.97573091063048,
    43.20757011257474,
    43.26864105478272,
    43.39591992175792,
    43.52741045354272,
    43.616200234883884,
    43.74719331453523,
    43.70843700496742,
    43.88131832893547,
    44.03625781456833,
    44.043343531811026,
    44.09393446158875,
    44.180480600927794,
    44.14866043051795,
    44.30242564306235,
    44.2947960338934,
    44.390758743676386,
    44.35404915090107,
    44.398446846496114,
    44.449753295430135,
    44.44385190510079,
    44.434941425957646,
    44.52390505407777,
    44.56985877054122,
    44.5455438706576,
    44.53699973903959,
    44.524117038073136,
    44.533189539409356,
    44.58901661436271,
    44.63251567069832,
    44.675551119362915,
    44.65040966921755,
    44.606498884118125,
    44.68768692992227,
    44.67347947532868,
    44.65653108269967,
    44.653381757419126,
    44.67032956955073,
    44.697859093356314,
    44.63597737187924,
    44.67332904357129,
    44.69202076260696,
    44.60655931438632,
    44.66904634831811,
    44.668033619366035,
    44.68685781376441,
    44.687185550894576,
    44.702623869756906,
    44.73287226294008,
    44.7056486856602,
    44.64057207229497,
    44.6794644133819,
    44.74343495966529,
    44.67386715003597,
    44.725471028281596,
    44.630659483887655,
    44.71054710329646,
    44.73084053176139,
    44.69875340571489,
    44.69641630362977,
    44.68805675555373,
    44.677569001531964,
    44.73970929314108,
    44.78341386507234,
    44.73361750453939,
    44.68022588451805,
    44.66987111318447,
    44.71997098605651,
    44.72054957123974,
    44.707114509914234,
    44.75955547518132,
    44.69077391758599,
    44.719903706894506,
    44.70963588821918,
    44.71399419447955,
    44.68225988402696,
    44.79691921048762,
    44.69796888541688,
    44.77489717293273,
    44.76539033758061,
    44.67676151500029,
    44.75495824301639,
    44.74105750081484,
    44.748276361723995,
    44.73653660162026,
    44.69629978462863,
    44.68803402347028,
    44.68805802874553
  ],